,simulation,generation,diversity
0,0,0,1.7387235626682662
1,0,1,1.672234759535411
2,0,2,1.6135186868610696
3,0,3,1.511678035769473
4,0,4,1.4322378132992863
5,0,5,1.3600938972973138
